{"cameraMode":{"drawMode":0,"name":"Shaded","section":"Shading Mode"},"sceneLighting":false,"audioPlay":false,"sceneViewState":{"showFog":true,"showMaterialUpdate":true,"showSkybox":true,"showFlares":true,"showImageEffects":true,"showParticleSystems":true},"in2DMode":false,"pivot":{"x":-60.0,"y":8.230802536010743,"z":-0.07672452926635742},"rotation":{"x":-0.03180307149887085,"y":-0.009898807853460312,"z":0.0003148663090541959,"w":-0.9994451403617859},"size":33.29158020019531,"orthographic":false}