{"cameraMode":{"drawMode":0,"name":"Shaded","section":"Shading Mode"},"sceneLighting":true,"audioPlay":false,"sceneViewState":{"showFog":true,"showMaterialUpdate":true,"showSkybox":true,"showFlares":true,"showImageEffects":true,"showParticleSystems":true},"in2DMode":false,"pivot":{"x":0.33737826347351076,"y":4.610996246337891,"z":0.6698859333992004},"rotation":{"x":-0.0976540744304657,"y":-0.0023921867832541467,"z":0.00023447125568054616,"w":-0.9952175617218018},"size":8.906135559082032,"orthographic":false}